Year,Ratio,Category
1825,3.701381782032707,Education Ratio
1826,3.701381782032707,Education Ratio
1827,3.701381782032707,Education Ratio
1828,3.701381782032707,Education Ratio
1829,3.701381782032707,Education Ratio
1830,3.701381782032707,Education Ratio
1831,3.701381782032707,Education Ratio
1832,3.701381782032707,Education Ratio
1833,3.701381782032707,Education Ratio
1834,3.701381782032707,Education Ratio
1835,3.701381782032707,Education Ratio
1836,3.701381782032707,Education Ratio
1837,3.701381782032707,Education Ratio
1838,3.701381782032707,Education Ratio
1839,3.701381782032707,Education Ratio
1840,3.701381782032707,Education Ratio
1841,3.701381782032707,Education Ratio
1842,3.701381782032707,Education Ratio
1843,3.701381782032707,Education Ratio
1844,3.701381782032707,Education Ratio
1845,3.701381782032707,Education Ratio
1846,3.701381782032707,Education Ratio
1847,3.701381782032707,Education Ratio
1848,3.701381782032707,Education Ratio
1849,3.701381782032707,Education Ratio
1850,3.701381782032707,Education Ratio
1851,3.701381782032707,Education Ratio
1852,3.701381782032707,Education Ratio
1853,3.701381782032707,Education Ratio
1854,3.701381782032707,Education Ratio
1855,3.701381782032707,Education Ratio
1856,3.701381782032707,Education Ratio
1857,3.701381782032707,Education Ratio
1858,3.701381782032707,Education Ratio
1859,3.701381782032707,Education Ratio
1860,3.701381782032707,Education Ratio
1861,3.701381782032707,Education Ratio
1862,3.701381782032707,Education Ratio
1863,3.701381782032707,Education Ratio
1864,3.701381782032707,Education Ratio
1865,3.701381782032707,Education Ratio
1866,3.701381782032707,Education Ratio
1867,3.701381782032707,Education Ratio
1868,3.701381782032707,Education Ratio
1869,3.701381782032707,Education Ratio
1870,3.701381782032707,Education Ratio
1875,1.9105252111844344,Education Ratio
1880,1.4615844277601155,Education Ratio
1885,1.7080221323457,Education Ratio
1890,1.6896554780275106,Education Ratio
1895,1.597056101155377,Education Ratio
1900,1.2577895956487508,Education Ratio
1905,1.3040030230791486,Education Ratio
1910,1.1751825525090929,Education Ratio
1915,1.1565648712427887,Education Ratio
1920,1.0820466460396254,Education Ratio
1925,1.0675961560134166,Education Ratio
1930,1.0308422940126714,Education Ratio
1935,1.0295854400634894,Education Ratio
1940,1.0414423667904045,Education Ratio
1945,1.0551178328908235,Education Ratio
1950,1.227603168003338,Education Ratio
1955,1.226867434013604,Education Ratio
1960,1.2840215500606504,Education Ratio
1965,1.3027833501959143,Education Ratio
1970,1.3196950672302403,Education Ratio
1975,1.348115383138185,Education Ratio
1980,1.458638056741349,Education Ratio
1985,1.4244565761163346,Education Ratio
1990,1.4019376570737028,Education Ratio
1995,1.3467315032610452,Education Ratio
2000,1.3468614002559038,Education Ratio
2005,0.9787726607301884,Education Ratio
2010,0.9187111628453136,Education Ratio
1733,16.47236809448159,Food Price Volatility Ratio
1734,8.256520304147545,Food Price Volatility Ratio
1736,2.377455188894254,Food Price Volatility Ratio
1737,19.92953176863192,Food Price Volatility Ratio
1738,4.720152260992064,Food Price Volatility Ratio
1739,96.08881388446352,Food Price Volatility Ratio
1740,0.2106056194725836,Food Price Volatility Ratio
1742,2.0664261050424493,Food Price Volatility Ratio
1743,3.9219924034478506,Food Price Volatility Ratio
1744,4.045844795134782,Food Price Volatility Ratio
1745,6.736123035200078,Food Price Volatility Ratio
1746,7.2715859155814915,Food Price Volatility Ratio
1747,26.107149432763595,Food Price Volatility Ratio
1748,21.653817213403197,Food Price Volatility Ratio
1749,11.463226919551776,Food Price Volatility Ratio
1751,60.3986830132564,Food Price Volatility Ratio
1752,5.708246369374787,Food Price Volatility Ratio
1754,4.492464025767551,Food Price Volatility Ratio
1756,0.9224526132902232,Food Price Volatility Ratio
1758,4.88587189243082,Food Price Volatility Ratio
1760,0.0,Food Price Volatility Ratio
1761,24.34249951741054,Food Price Volatility Ratio
1762,0.9771743784859694,Food Price Volatility Ratio
1763,5.026184110880242,Food Price Volatility Ratio
1764,3.2711085577688563,Food Price Volatility Ratio
1766,5.224246191777373,Food Price Volatility Ratio
1767,0.0,Food Price Volatility Ratio
1768,2.277660773557874,Food Price Volatility Ratio
1769,2.629799116838283,Food Price Volatility Ratio
1770,4.804440694224549,Food Price Volatility Ratio
1771,0.3441987363024941,Food Price Volatility Ratio
1772,19.21776277689472,Food Price Volatility Ratio
1773,15.374210221515316,Food Price Volatility Ratio
1774,5.321841999755598,Food Price Volatility Ratio
1781,5.246074518483932,Food Price Volatility Ratio
1782,27.406200829660392,Food Price Volatility Ratio
1785,213.53069752130952,Food Price Volatility Ratio
1786,9.043653071482565,Food Price Volatility Ratio
1787,32.94473618932742,Food Price Volatility Ratio
1788,29.56578888762571,Food Price Volatility Ratio
1789,2.159299188416349,Food Price Volatility Ratio
1790,3.155155082774203,Food Price Volatility Ratio
1791,4.410634079944413,Food Price Volatility Ratio
1796,2.9125702720057736,Food Price Volatility Ratio
1797,0.8693010626059872,Food Price Volatility Ratio
1801,0.0907354238758571,Food Price Volatility Ratio
1802,0.7566924544463739,Food Price Volatility Ratio
1803,1.2897827367045556,Food Price Volatility Ratio
1805,0.2559524454193445,Food Price Volatility Ratio
1806,3.5343012003485565,Food Price Volatility Ratio
1807,10.387979879390436,Food Price Volatility Ratio
1808,4.581718277935261,Food Price Volatility Ratio
1809,0.497011106300214,Food Price Volatility Ratio
1811,1.2865447884118075,Food Price Volatility Ratio
1812,0.2060886088676238,Food Price Volatility Ratio
1813,1.0341397009994968,Food Price Volatility Ratio
1814,0.6339192582656714,Food Price Volatility Ratio
1815,4.560147099602144,Food Price Volatility Ratio
1816,7.545624648595765,Food Price Volatility Ratio
1817,1.358323547058048,Food Price Volatility Ratio
1818,4.697675345464492,Food Price Volatility Ratio
1819,5.655677934341498,Food Price Volatility Ratio
1821,1.1091807876250197,Food Price Volatility Ratio
1822,1.0919183395959404,Food Price Volatility Ratio
1823,0.9855262962506632,Food Price Volatility Ratio
1824,0.5719572255022072,Food Price Volatility Ratio
1825,2.710197314689194,Food Price Volatility Ratio
1826,1.147329121007648,Food Price Volatility Ratio
1827,192.17762644845973,Food Price Volatility Ratio
1828,0.7843984806596344,Food Price Volatility Ratio
1829,0.5652283169458907,Food Price Volatility Ratio
1830,2.92842099457088,Food Price Volatility Ratio
1831,1.4782894443690138,Food Price Volatility Ratio
1832,1.3407741472245631,Food Price Volatility Ratio
1833,1.1936498619170142,Food Price Volatility Ratio
1834,1.6472368094400196,Food Price Volatility Ratio
1835,8.407771214864459,Food Price Volatility Ratio
1836,3.7069796219380415,Food Price Volatility Ratio
1837,7.080228391475099,Food Price Volatility Ratio
1838,2.319385162726193,Food Price Volatility Ratio
1839,1.9217762776892564,Food Price Volatility Ratio
1841,4.045844795135366,Food Price Volatility Ratio
1842,2.919153839527425,Food Price Volatility Ratio
1843,2.2389626536126856,Food Price Volatility Ratio
1844,1.1473291210034262,Food Price Volatility Ratio
1845,6.405920925493847,Food Price Volatility Ratio
1846,2.1963157459250437,Food Price Volatility Ratio
1847,0.1377617403343526,Food Price Volatility Ratio
1848,1.4967937628735015,Food Price Volatility Ratio
1849,0.7084889502972972,Food Price Volatility Ratio
1850,4.208269221214165,Food Price Volatility Ratio
1851,4.6122630664231306,Food Price Volatility Ratio
1852,0.6459752193830596,Food Price Volatility Ratio
1853,1.296904236476929,Food Price Volatility Ratio
1854,0.1723566168313257,Food Price Volatility Ratio
1855,326.7019666453232,Food Price Volatility Ratio
1856,2.022922397555993,Food Price Volatility Ratio
1857,3.146768173993171,Food Price Volatility Ratio
1858,2.463815740626916,Food Price Volatility Ratio
1859,1.1647128955574746,Food Price Volatility Ratio
1860,0.0061879005624404,Food Price Volatility Ratio
1861,0.0546917310905382,Food Price Volatility Ratio
1866,2.789738864305434,Food Price Volatility Ratio
1867,0.000724433099971,Food Price Volatility Ratio
1868,0.0510699123230442,Food Price Volatility Ratio
1869,0.090631779310693,Food Price Volatility Ratio
1870,0.0015934223035329,Food Price Volatility Ratio
1871,0.0196354046308967,Food Price Volatility Ratio
1872,0.008143103806335,Food Price Volatility Ratio
1873,0.0019568124617485,Food Price Volatility Ratio
1874,0.00362214485666,Food Price Volatility Ratio
1875,0.0012861165376814,Food Price Volatility Ratio
1876,0.0004571726085267,Food Price Volatility Ratio
1877,0.0011706725915328,Food Price Volatility Ratio
1878,0.0115480887209638,Food Price Volatility Ratio
1879,0.0047868558358428,Food Price Volatility Ratio
1880,0.0230147030933793,Food Price Volatility Ratio
1881,0.0077814446435116,Food Price Volatility Ratio
1882,0.0327021651173122,Food Price Volatility Ratio
1883,0.000104793351542,Food Price Volatility Ratio
1884,0.0010911999970887,Food Price Volatility Ratio
1885,0.025101019980424,Food Price Volatility Ratio
1886,0.0026914155174013,Food Price Volatility Ratio
1887,0.0001704142131788,Food Price Volatility Ratio
1888,0.0073378818122818,Food Price Volatility Ratio
1889,0.0083158145548566,Food Price Volatility Ratio
1890,0.003778404486686,Food Price Volatility Ratio
1891,0.0006806056726315,Food Price Volatility Ratio
1892,0.0242713659333346,Food Price Volatility Ratio
1893,0.0036733537382819,Food Price Volatility Ratio
1894,0.0027550151016478,Food Price Volatility Ratio
1895,0.0003702172856461,Food Price Volatility Ratio
1896,0.1868433642416452,Food Price Volatility Ratio
1897,0.0101479932867045,Food Price Volatility Ratio
1898,0.0059708022903443,Food Price Volatility Ratio
1899,0.0009963101526679,Food Price Volatility Ratio
1900,0.0036821330932971,Food Price Volatility Ratio
1901,0.0062905809386939,Food Price Volatility Ratio
1902,0.0001089226849856,Food Price Volatility Ratio
1903,0.0023496179990913,Food Price Volatility Ratio
1904,0.0152062668464944,Food Price Volatility Ratio
1905,0.0065519259396941,Food Price Volatility Ratio
1906,0.0256040630617755,Food Price Volatility Ratio
1907,0.106637214960946,Food Price Volatility Ratio
1908,0.0074730261919911,Food Price Volatility Ratio
1909,0.0106369467225835,Food Price Volatility Ratio
1910,0.0030748419867267,Food Price Volatility Ratio
1911,0.0094204717780388,Food Price Volatility Ratio
1912,0.0001246559427763,Food Price Volatility Ratio
1913,0.0013562920968494,Food Price Volatility Ratio
1914,0.017489621491256,Food Price Volatility Ratio
1915,0.0024541090654793,Food Price Volatility Ratio
1916,0.001499113792903,Food Price Volatility Ratio
1917,0.0022530155390533,Food Price Volatility Ratio
1918,0.0001228820286172,Food Price Volatility Ratio
1919,0.0004577601020144,Food Price Volatility Ratio
1920,0.0009404979376616,Food Price Volatility Ratio
1921,0.0023757934039044,Food Price Volatility Ratio
1922,0.0003712423299343,Food Price Volatility Ratio
1923,0.0007293937298212,Food Price Volatility Ratio
1924,0.0014795498078477,Food Price Volatility Ratio
1925,0.0007506296658445,Food Price Volatility Ratio
1926,0.0022046571671601,Food Price Volatility Ratio
1927,0.001328110660943,Food Price Volatility Ratio
1928,0.0377261442640654,Food Price Volatility Ratio
1929,0.0002288709834277,Food Price Volatility Ratio
1930,0.0014847317361342,Food Price Volatility Ratio
1931,0.0087547221415747,Food Price Volatility Ratio
1932,0.3704627153136659,Food Price Volatility Ratio
1933,0.0593394360869482,Food Price Volatility Ratio
1934,0.0314331615389385,Food Price Volatility Ratio
1935,0.0036890662374934,Food Price Volatility Ratio
1936,0.0230333514724422,Food Price Volatility Ratio
1939,0.0235112851342091,Food Price Volatility Ratio
1940,0.0015194516834856,Food Price Volatility Ratio
1941,0.0037795249772266,Food Price Volatility Ratio
1942,1.6609634710569223,Food Price Volatility Ratio
1943,0.0198683746929556,Food Price Volatility Ratio
1944,0.1188727525344568,Food Price Volatility Ratio
1945,0.0187809953259682,Food Price Volatility Ratio
1946,0.0541317904144862,Food Price Volatility Ratio
1947,0.0089066739851344,Food Price Volatility Ratio
1948,0.0147126286045995,Food Price Volatility Ratio
1949,0.0034729221909924,Food Price Volatility Ratio
1950,0.0014014624647419,Food Price Volatility Ratio
1953,0.0028803759510565,Food Price Volatility Ratio
1954,0.0077972314578497,Food Price Volatility Ratio
1955,0.0034105532708854,Food Price Volatility Ratio
1796,4.3515425783210535,Exchange Rate Volatility
1797,4.765915969279794,Exchange Rate Volatility
1798,4.752134859987968,Exchange Rate Volatility
1799,3.928713997173576,Exchange Rate Volatility
1800,6.702792319379772,Exchange Rate Volatility
1801,6.408752615867278,Exchange Rate Volatility
1802,6.310928389733015,Exchange Rate Volatility
1803,6.256623548355723,Exchange Rate Volatility
1804,5.095206985324957,Exchange Rate Volatility
1805,3.0496643241333925,Exchange Rate Volatility
1806,2.737114422794785,Exchange Rate Volatility
1807,2.4302018093145503,Exchange Rate Volatility
1808,3.332334386732396,Exchange Rate Volatility
1809,3.424781967438853,Exchange Rate Volatility
1810,3.95127866980868,Exchange Rate Volatility
1811,6.0311743662767645,Exchange Rate Volatility
1812,5.9182697104539885,Exchange Rate Volatility
1813,5.50933252525389,Exchange Rate Volatility
1814,9.541721015102024,Exchange Rate Volatility
1815,11.487667887949367,Exchange Rate Volatility
1816,8.235489855826364,Exchange Rate Volatility
1817,10.784034844064664,Exchange Rate Volatility
1818,11.317499962368109,Exchange Rate Volatility
1819,10.211852016571491,Exchange Rate Volatility
1820,6.680751901805078,Exchange Rate Volatility
1821,6.712530171586496,Exchange Rate Volatility
1822,3.4044012598096467,Exchange Rate Volatility
1823,3.841339038344433,Exchange Rate Volatility
1824,3.7894564436191134,Exchange Rate Volatility
1825,3.911359768542343,Exchange Rate Volatility
1826,2.710355661530585,Exchange Rate Volatility
1827,2.2024335459783404,Exchange Rate Volatility
1828,1.1199228121537272,Exchange Rate Volatility
1829,1.2612442841487996,Exchange Rate Volatility
1830,1.5435739740941463,Exchange Rate Volatility
1831,1.6274667866193273,Exchange Rate Volatility
1832,1.5973129860315995,Exchange Rate Volatility
1833,1.6696428545902084,Exchange Rate Volatility
1834,2.0264872405785037,Exchange Rate Volatility
1835,2.9972265274436136,Exchange Rate Volatility
1836,2.8573898036427963,Exchange Rate Volatility
1837,3.91151070287684,Exchange Rate Volatility
1838,4.476494106694714,Exchange Rate Volatility
1839,3.996431793923741,Exchange Rate Volatility
1840,3.6205809251297127,Exchange Rate Volatility
1841,3.5882365000876923,Exchange Rate Volatility
1842,2.6513826064173016,Exchange Rate Volatility
1843,2.082715342714793,Exchange Rate Volatility
1844,1.9856334854336877,Exchange Rate Volatility
1845,1.9659611945374007,Exchange Rate Volatility
1846,1.9681587533625824,Exchange Rate Volatility
1847,0.9559830071808972,Exchange Rate Volatility
1848,1.2081854505704863,Exchange Rate Volatility
1849,1.182056003932245,Exchange Rate Volatility
1850,1.3513445564011564,Exchange Rate Volatility
1851,1.246502821838016,Exchange Rate Volatility
1852,1.1745698868218963,Exchange Rate Volatility
1853,0.9740205739518828,Exchange Rate Volatility
1854,0.6948559321445306,Exchange Rate Volatility
1855,0.4492441391945284,Exchange Rate Volatility
1856,0.2890584496068843,Exchange Rate Volatility
1857,0.3355959941469675,Exchange Rate Volatility
1858,0.4238583141609511,Exchange Rate Volatility
1859,0.5904106278983112,Exchange Rate Volatility
1860,0.7578348346963779,Exchange Rate Volatility
1861,0.9133755899364846,Exchange Rate Volatility
1862,7.735309561947268,Exchange Rate Volatility
1863,12.89992046672818,Exchange Rate Volatility
1864,18.378555551647004,Exchange Rate Volatility
1865,24.97383070236376,Exchange Rate Volatility
1866,26.463196381404845,Exchange Rate Volatility
1867,26.651836141662297,Exchange Rate Volatility
1868,24.040839278655746,Exchange Rate Volatility
1869,9.451826884541813,Exchange Rate Volatility
1870,6.116792704026708,Exchange Rate Volatility
1871,5.68894677997345,Exchange Rate Volatility
1872,5.89264475230874,Exchange Rate Volatility
1873,6.087989145040309,Exchange Rate Volatility
1874,6.075885435496683,Exchange Rate Volatility
1875,2.497625369239349,Exchange Rate Volatility
1876,2.6798299355026214,Exchange Rate Volatility
1877,3.859025155389106,Exchange Rate Volatility
1878,3.4587089143692777,Exchange Rate Volatility
1879,3.537089019978161,Exchange Rate Volatility
1880,2.4884379414213718,Exchange Rate Volatility
1881,2.6877318685483176,Exchange Rate Volatility
1882,1.7379548809678496,Exchange Rate Volatility
1883,0.6248021300146848,Exchange Rate Volatility
1884,0.5060991589577278,Exchange Rate Volatility
1885,0.5143282263232951,Exchange Rate Volatility
1886,0.4525542810593081,Exchange Rate Volatility
1887,0.2344380239896845,Exchange Rate Volatility
1888,0.2349575248327237,Exchange Rate Volatility
1889,0.2349575248327237,Exchange Rate Volatility
1890,0.2522654232642539,Exchange Rate Volatility
1891,0.2522654232642539,Exchange Rate Volatility
1892,0.2347722194167069,Exchange Rate Volatility
1893,0.1719503085299858,Exchange Rate Volatility
1894,0.268085534516533,Exchange Rate Volatility
1895,0.2343821607357273,Exchange Rate Volatility
1896,0.3370763124211927,Exchange Rate Volatility
1897,0.3371530709457415,Exchange Rate Volatility
1898,0.3372047163737705,Exchange Rate Volatility
1899,0.2751498066087929,Exchange Rate Volatility
1900,0.2339422184627975,Exchange Rate Volatility
1901,0.205761883121169,Exchange Rate Volatility
1902,0.1722537586509691,Exchange Rate Volatility
1903,0.1721023349220908,Exchange Rate Volatility
1904,0.1720008078646046,Exchange Rate Volatility
1905,0.2055500846656883,Exchange Rate Volatility
1906,0.1838968942355295,Exchange Rate Volatility
1907,0.2253622529887505,Exchange Rate Volatility
1908,0.2253620940756781,Exchange Rate Volatility
1909,0.205761883121169,Exchange Rate Volatility
1910,0.205761883121169,Exchange Rate Volatility
1911,0.1721023349220908,Exchange Rate Volatility
1912,0.1720008078646047,Exchange Rate Volatility
1913,0.1453458894457149,Exchange Rate Volatility
1914,0.5697844890792949,Exchange Rate Volatility
1915,1.7778105754228832,Exchange Rate Volatility
1916,1.7921145366957316,Exchange Rate Volatility
1917,1.76880191815189,Exchange Rate Volatility
1918,1.76880191815189,Exchange Rate Volatility
1919,3.1020407960275795,Exchange Rate Volatility
1920,7.616351237851218,Exchange Rate Volatility
1921,8.695147510890418,Exchange Rate Volatility
1922,12.255482038303215,Exchange Rate Volatility
1923,12.404189211608868,Exchange Rate Volatility
1924,12.022429881734132,Exchange Rate Volatility
1925,6.900213581199748,Exchange Rate Volatility
1926,7.3058418406978065,Exchange Rate Volatility
1927,4.767911176573546,Exchange Rate Volatility
1928,4.741831629887763,Exchange Rate Volatility
1929,4.090307683659062,Exchange Rate Volatility
1930,0.3134592508238064,Exchange Rate Volatility
1931,2.948248391834716,Exchange Rate Volatility
1932,9.833466807660384,Exchange Rate Volatility
1933,15.617183029764782,Exchange Rate Volatility
1934,18.200277909247724,Exchange Rate Volatility
1935,18.32158738557333,Exchange Rate Volatility
1936,17.77748806307996,Exchange Rate Volatility
1937,11.338139996883248,Exchange Rate Volatility
1938,8.896115328247886,Exchange Rate Volatility
1939,4.068831631534849,Exchange Rate Volatility
1940,6.516963299310463,Exchange Rate Volatility
1941,7.538680463035636,Exchange Rate Volatility
1942,7.639804541401279,Exchange Rate Volatility
1943,7.741450624951894,Exchange Rate Volatility
1944,7.113524391816382,Exchange Rate Volatility
1945,2.3418165195281677,Exchange Rate Volatility
1946,0.1752436660948255,Exchange Rate Volatility
1947,0.1106964345307482,Exchange Rate Volatility
1948,0.1106964345307482,Exchange Rate Volatility
1949,3.7468771215937537,Exchange Rate Volatility
1950,10.499261114559149,Exchange Rate Volatility
1951,10.499261114559149,Exchange Rate Volatility
1952,10.444964389263552,Exchange Rate Volatility
1953,10.562169157911525,Exchange Rate Volatility
1954,10.833698397907932,Exchange Rate Volatility
1955,0.5299084101586049,Exchange Rate Volatility
1956,0.5649020020147644,Exchange Rate Volatility
1957,0.5649020020147644,Exchange Rate Volatility
1958,0.5649020020147644,Exchange Rate Volatility
1959,0.5649020020147644,Exchange Rate Volatility
1960,0.4082722920298802,Exchange Rate Volatility
1961,0.4381954179422692,Exchange Rate Volatility
1962,0.4077148117656343,Exchange Rate Volatility
1963,0.2981997054298983,Exchange Rate Volatility
1964,0.3190124605775009,Exchange Rate Volatility
1965,0.3911174761178435,Exchange Rate Volatility
1966,0.3913495222580389,Exchange Rate Volatility
1967,0.6413101809431999,Exchange Rate Volatility
1968,5.690459173015141,Exchange Rate Volatility
1969,5.733629341263794,Exchange Rate Volatility
1970,5.742220535984043,Exchange Rate Volatility
1971,6.0297567417768185,Exchange Rate Volatility
1972,6.437427562325136,Exchange Rate Volatility
1973,1.710637631252841,Exchange Rate Volatility
1974,2.846081598563939,Exchange Rate Volatility
1975,3.466061484757578,Exchange Rate Volatility
1976,8.011792497767471,Exchange Rate Volatility
1977,6.893013631423644,Exchange Rate Volatility
1978,10.36629184862817,Exchange Rate Volatility
1979,12.268815750354827,Exchange Rate Volatility
1980,12.927867162741078,Exchange Rate Volatility
1981,10.751838118238682,Exchange Rate Volatility
1982,12.904701742416067,Exchange Rate Volatility
1983,12.836022590977104,Exchange Rate Volatility
1984,10.224337487781018,Exchange Rate Volatility
1985,4.484014167925372,Exchange Rate Volatility
1986,11.311790133616672,Exchange Rate Volatility
1987,12.49411404495625,Exchange Rate Volatility
1988,10.716977185958424,Exchange Rate Volatility
1989,9.336546205254628,Exchange Rate Volatility
1990,8.414207056919366,Exchange Rate Volatility
1991,8.06176331736585,Exchange Rate Volatility
1992,6.94571274315856,Exchange Rate Volatility
1993,8.97036294759343,Exchange Rate Volatility
1994,8.722186421591097,Exchange Rate Volatility
1995,7.507241606130896,Exchange Rate Volatility
1996,7.477496687468077,Exchange Rate Volatility
1997,8.181867445910703,Exchange Rate Volatility
1998,2.3792700099391038,Exchange Rate Volatility
1999,3.1151544957178907,Exchange Rate Volatility
2000,4.208547661776006,Exchange Rate Volatility
1816,0.0150434816826033,Military Power Ratio
1817,0.0121012065220236,Military Power Ratio
1818,0.0102777095543878,Military Power Ratio
1819,0.0167977048246862,Military Power Ratio
1820,0.0137966746112813,Military Power Ratio
1821,0.0124761217920529,Military Power Ratio
1822,0.0092469201928227,Military Power Ratio
1823,0.010524379024839,Military Power Ratio
1824,0.0101177867642339,Military Power Ratio
1825,0.0105349482715114,Military Power Ratio
1826,0.0116366188533578,Military Power Ratio
1827,0.0117675155010304,Military Power Ratio
1828,0.0121693284088545,Military Power Ratio
1829,0.0142330844287115,Military Power Ratio
1830,0.017029796254858,Military Power Ratio
1831,0.0151147553259201,Military Power Ratio
1832,0.0168142246921974,Military Power Ratio
1833,0.0269708170413815,Military Power Ratio
1834,0.0248400087381083,Military Power Ratio
1835,0.0288212248660482,Military Power Ratio
1836,0.0395859806557902,Military Power Ratio
1837,0.0568363927738927,Military Power Ratio
1838,0.0419676247159316,Military Power Ratio
1839,0.0246921714035097,Military Power Ratio
1840,0.0359766463426216,Military Power Ratio
1841,0.0344138038776268,Military Power Ratio
1842,0.0347337578442229,Military Power Ratio
1843,0.0171336489216998,Military Power Ratio
1844,0.0275184275184275,Military Power Ratio
1845,0.0351278611736172,Military Power Ratio
1846,0.1479771065644798,Military Power Ratio
1847,0.1521219522525447,Military Power Ratio
1848,0.1571100739615152,Military Power Ratio
1849,0.0335712152489473,Military Power Ratio
1850,0.0387267522460075,Military Power Ratio
1851,0.0341708834990984,Military Power Ratio
1852,0.0435770221140644,Military Power Ratio
1853,0.0496733134033963,Military Power Ratio
1854,0.006778181226949,Military Power Ratio
1855,0.0127499775282395,Military Power Ratio
1856,0.0128623162326956,Military Power Ratio
1857,0.0394564841202037,Military Power Ratio
1858,0.0371052201522974,Military Power Ratio
1859,0.0213391698838171,Military Power Ratio
1860,0.0227809412211842,Military Power Ratio
1861,2.5155935148950075,Military Power Ratio
1862,12.801215096570068,Military Power Ratio
1863,16.582182004628407,Military Power Ratio
1864,25.60066323909076,Military Power Ratio
1865,5.216816806079535,Military Power Ratio
1866,0.2303611262944852,Military Power Ratio
1867,0.3113118420193306,Military Power Ratio
1868,0.1748684310162047,Military Power Ratio
1869,0.1436938244904362,Military Power Ratio
1870,0.1282364614707456,Military Power Ratio
1871,0.1272392005759932,Military Power Ratio
1872,0.1186539966390767,Military Power Ratio
1873,0.1227734076969711,Military Power Ratio
1874,0.1098196774348344,Military Power Ratio
1875,0.0861596321152406,Military Power Ratio
1876,0.0809694009158339,Military Power Ratio
1877,0.0490658021778997,Military Power Ratio
1878,0.0604745070186498,Military Power Ratio
1879,0.0612460307496333,Military Power Ratio
1880,0.0815423048693915,Military Power Ratio
1881,0.0824161073825503,Military Power Ratio
1882,0.0834923358645682,Military Power Ratio
1883,0.0724589860455708,Military Power Ratio
1884,0.0687100292040959,Military Power Ratio
1885,0.0390585959075247,Military Power Ratio
1886,0.0519487617683964,Military Power Ratio
1887,0.0554382531671644,Military Power Ratio
1888,0.0665799780997304,Military Power Ratio
1889,0.0645495311863025,Military Power Ratio
1890,0.0700822761829722,Military Power Ratio
1891,0.0696344434018681,Military Power Ratio
1892,0.0665122682062062,Military Power Ratio
1893,0.0754535451519663,Military Power Ratio
1894,0.0670919149711043,Military Power Ratio
1895,0.0577526348427514,Military Power Ratio
1896,0.061959738651084,Military Power Ratio
1897,0.1185743559288648,Military Power Ratio
1898,1.10444487993742,Military Power Ratio
1899,0.1834548608478145,Military Power Ratio
1900,0.0897442908790003,Military Power Ratio
1901,0.0663638279057572,Military Power Ratio
1902,0.0965183774901087,Military Power Ratio
1903,0.1681347022706209,Military Power Ratio
1904,0.2158164893676912,Military Power Ratio
1905,0.2223201266972357,Military Power Ratio
1906,0.2359459359171783,Military Power Ratio
1907,0.3230365342539286,Military Power Ratio
1908,0.3710625718595963,Military Power Ratio
1909,0.3703629728304765,Military Power Ratio
1910,0.3399692670289704,Military Power Ratio
1911,0.3375021542435095,Military Power Ratio
1912,0.2539502611467475,Military Power Ratio
1913,0.2697306276605357,Military Power Ratio
1914,0.0470607288400225,Military Power Ratio
1915,0.0022156607540356,Military Power Ratio
1917,0.0125966062207964,Military Power Ratio
1918,0.5938769113218011,Military Power Ratio
1919,13.246383044173504,Military Power Ratio
1920,0.6462710404345291,Military Power Ratio
1921,1.1693066733593431,Military Power Ratio
1922,1.150446083228058,Military Power Ratio
1923,0.850901075762191,Military Power Ratio
1924,0.7557895224852812,Military Power Ratio
1925,0.7486422733654529,Military Power Ratio
1926,0.7183501059126999,Military Power Ratio
1927,0.7737170898932538,Military Power Ratio
1928,0.9499013197751062,Military Power Ratio
1929,1.0290947144175346,Military Power Ratio
1930,1.0989825616752351,Military Power Ratio
1931,1.132727086952079,Military Power Ratio
1932,1.51809570427165,Military Power Ratio
1933,1.3215693214088844,Military Power Ratio
1934,1.155137374765446,Military Power Ratio
1935,0.9794409874572456,Military Power Ratio
1936,0.905145246364018,Military Power Ratio
1937,0.7392054863616829,Military Power Ratio
1938,0.5214631728986778,Military Power Ratio
1939,0.1052173300179043,Military Power Ratio
1940,0.0747889912161206,Military Power Ratio
1941,0.4373749999022006,Military Power Ratio
1942,2.195935630485044,Military Power Ratio
1943,10.233247419596047,Military Power Ratio
1944,12.509338477104317,Military Power Ratio
1945,12.607634045859967,Military Power Ratio
1946,3.752066505189737,Military Power Ratio
1947,2.614962638315129,Military Power Ratio
1948,5.441326999818904,Military Power Ratio
1949,9.027166473156424,Military Power Ratio
1950,12.983464529494652,Military Power Ratio
1951,40.851078284411976,Military Power Ratio
1952,45.96471810419715,Military Power Ratio
1953,44.50034598934152,Military Power Ratio
1954,38.185639523578814,Military Power Ratio
1955,33.68637592208139,Military Power Ratio
1956,34.01963523405793,Military Power Ratio
1957,40.4798838209125,Military Power Ratio
1958,39.98057795784028,Military Power Ratio
1959,43.13936976028243,Military Power Ratio
1960,43.51813083944329,Military Power Ratio
1961,48.46362333299961,Military Power Ratio
1962,60.78263273334765,Military Power Ratio
1963,59.88480864805441,Military Power Ratio
1964,56.56219067755805,Military Power Ratio
1965,55.61400779534935,Military Power Ratio
1966,81.4402436262806,Military Power Ratio
1967,94.51320163586172,Military Power Ratio
1968,124.5768214241744,Military Power Ratio
1969,131.61927907315135,Military Power Ratio
1970,104.42926347047243,Military Power Ratio
1971,80.30031808131206,Military Power Ratio
1972,59.80128344668008,Military Power Ratio
1973,53.25860926206848,Military Power Ratio
1974,52.77175796913769,Military Power Ratio
1975,47.78131190734181,Military Power Ratio
1976,50.59243117337397,Military Power Ratio
1977,53.65128127408062,Military Power Ratio
1978,48.110243663275845,Military Power Ratio
1979,40.01236070643039,Military Power Ratio
1980,33.42731078700046,Military Power Ratio
1981,40.74266305474392,Military Power Ratio
1982,52.57446944058255,Military Power Ratio
1983,57.71650687704096,Military Power Ratio
1984,67.29586650704427,Military Power Ratio
1985,68.06126292868808,Military Power Ratio
1986,66.55432232768054,Military Power Ratio
1987,59.93572747775065,Military Power Ratio
1988,61.35637557018003,Military Power Ratio
1989,66.42603576478349,Military Power Ratio
1990,53.24151899502368,Military Power Ratio
1991,45.49438963040996,Military Power Ratio
1992,44.412352481598745,Military Power Ratio
1993,58.42623505600134,Military Power Ratio
1994,55.09777076394547,Military Power Ratio
1995,57.82558143419021,Military Power Ratio
1996,55.850748275613405,Military Power Ratio
1997,54.268473392030856,Military Power Ratio
1998,50.85935507426656,Military Power Ratio
1999,54.90498628696667,Military Power Ratio
2000,54.78124690760247,Military Power Ratio
2001,60.2069831557914,Military Power Ratio
2002,61.53317951810386,Military Power Ratio
2003,62.63475552893297,Military Power Ratio
2004,63.10850131932165,Military Power Ratio
2005,62.26460497980032,Military Power Ratio
2006,62.04000602278909,Military Power Ratio
2007,68.87504227265752,Military Power Ratio
2008,83.86962383791507,Military Power Ratio
2009,107.76448267406268,Military Power Ratio
2010,108.35035543735108,Military Power Ratio
2011,100.64252023494755,Military Power Ratio
2012,96.44860451583786,Military Power Ratio
2013,96.39061197890535,Military Power Ratio
2014,82.97424334575577,Military Power Ratio
2015,95.74430625500122,Military Power Ratio
2016,102.58433341239422,Military Power Ratio
1650,0.6203319502074689,GDP Ratio
1720,0.651560073664825,GDP Ratio
1775,0.8355785837651123,GDP Ratio
1800,0.761438229135507,GDP Ratio
1801,0.773431662190391,GDP Ratio
1802,0.7843690476190476,GDP Ratio
1803,0.7965817958179582,GDP Ratio
1804,0.8077131086142322,GDP Ratio
1805,0.789720227069017,GDP Ratio
1806,0.8186068451475509,GDP Ratio
1807,0.7868437463810075,GDP Ratio
1808,0.7772935384615385,GDP Ratio
1809,0.8015088848594741,GDP Ratio
1810,0.7836319723979299,GDP Ratio
1811,0.8185907271121577,GDP Ratio
1812,0.8518553164951669,GDP Ratio
1813,0.8301545673076922,GDP Ratio
1814,0.8787340823970037,GDP Ratio
1815,0.8036381771281169,GDP Ratio
1816,0.8279263692307691,GDP Ratio
1817,0.8263724869351368,GDP Ratio
1818,0.8418049671977507,GDP Ratio
1819,0.86714814695456,GDP Ratio
1820,0.8088469449485782,GDP Ratio
1821,0.8207942261185006,GDP Ratio
1822,0.8419419607843137,GDP Ratio
1823,0.8217275974992557,GDP Ratio
1824,0.8121516895761741,GDP Ratio
1825,0.8229884691848907,GDP Ratio
1826,0.887024924012158,GDP Ratio
1827,0.837348470991712,GDP Ratio
1828,0.8465421265530194,GDP Ratio
1829,0.8229632297415045,GDP Ratio
1830,0.8561009577464788,GDP Ratio
1831,0.9098928913963328,GDP Ratio
1832,0.925404208194906,GDP Ratio
1833,0.9612530147263127,GDP Ratio
1834,0.9054666117065128,GDP Ratio
1835,0.8857021497021497,GDP Ratio
1836,0.8813397256794513,GDP Ratio
1837,0.8712881254861291,GDP Ratio
1838,0.8401978299268231,GDP Ratio
1839,0.8996881473846946,GDP Ratio
1840,0.8261371826779492,GDP Ratio
1841,0.8352768361581921,GDP Ratio
1842,0.8463758665966387,GDP Ratio
1843,0.8289678481012658,GDP Ratio
1844,0.8134562073027091,GDP Ratio
1845,0.7991409391383633,GDP Ratio
1846,0.813659667743424,GDP Ratio
1847,0.8547387812942844,GDP Ratio
1848,0.8513672781472139,GDP Ratio
1849,0.8178183627317955,GDP Ratio
1850,0.8383702677746999,GDP Ratio
1851,0.8439531829350011,GDP Ratio
1852,0.8584562256809338,GDP Ratio
1853,0.8961723700887199,GDP Ratio
1854,0.8665818496638826,GDP Ratio
1855,0.8764716301600673,GDP Ratio
1856,0.8473214841412328,GDP Ratio
1857,0.8281220761107789,GDP Ratio
1858,0.8561005533920886,GDP Ratio
1859,0.8524670443251838,GDP Ratio
1860,0.8654924302005506,GDP Ratio
1861,0.858260808121019,GDP Ratio
1862,0.9334363140218304,GDP Ratio
1863,0.9164722168441432,GDP Ratio
1864,0.9303780589914368,GDP Ratio
1865,0.8695216576036001,GDP Ratio
1866,0.8438592918730509,GDP Ratio
1867,0.8760283185840707,GDP Ratio
1868,0.8544814407381122,GDP Ratio
1869,0.8772195208518189,GDP Ratio
1870,0.823983787956768,GDP Ratio
1871,0.8484915646023806,GDP Ratio
1872,0.8653120124804992,GDP Ratio
1873,0.8758452584731257,GDP Ratio
1874,0.8452480932924753,GDP Ratio
1875,0.8580029747899159,GDP Ratio
1876,0.8504272482317279,GDP Ratio
1877,0.860828887388148,GDP Ratio
1878,0.884328338152747,GDP Ratio
1879,0.9878634635326652,GDP Ratio
1880,1.0431431549107888,GDP Ratio
1881,1.0278943215099252,GDP Ratio
1882,1.046075243260488,GDP Ratio
1883,1.047115469348659,GDP Ratio
1884,1.0487354180064308,GDP Ratio
1885,1.0476423679060665,GDP Ratio
1886,1.0488995786061588,GDP Ratio
1887,1.0407334696445425,GDP Ratio
1888,0.979086408504176,GDP Ratio
1889,0.9752311663758,GDP Ratio
1890,0.9736377355734112,GDP Ratio
1891,1.0044402005603894,GDP Ratio
1892,1.1176656493209218,GDP Ratio
1893,1.0536924915201973,GDP Ratio
1894,0.9502668661509268,GDP Ratio
1895,1.023371397941681,GDP Ratio
1896,0.9548847593953682,GDP Ratio
1897,1.0245320237930555,GDP Ratio
1898,0.9902548,GDP Ratio
1899,1.0297773838788975,GDP Ratio
1900,1.0584107584935474,GDP Ratio
1901,1.1668923629590209,GDP Ratio
1902,1.1374234446627374,GDP Ratio
1903,1.1950478481689388,GDP Ratio
1904,1.1621271629778671,GDP Ratio
1905,1.1997016966986715,GDP Ratio
1906,1.2824611924955025,GDP Ratio
1907,1.266778357733927,GDP Ratio
1908,1.2030526739043024,GDP Ratio
1909,1.296561863173217,GDP Ratio
1910,1.2486114278310445,GDP Ratio
1911,1.2364605029210058,GDP Ratio
1912,1.2542830022630125,GDP Ratio
1913,1.23087798343887,GDP Ratio
1914,1.1187273398106012,GDP Ratio
1915,1.0607914110429448,GDP Ratio
1916,1.1747092622385658,GDP Ratio
1917,1.127418118869013,GDP Ratio
1918,1.2133610660486676,GDP Ratio
1919,1.3740670611439842,GDP Ratio
1920,1.4469042325780248,GDP Ratio
1921,1.4244524440518256,GDP Ratio
1922,1.3543113245839535,GDP Ratio
1923,1.4592385659681033,GDP Ratio
1924,1.4184998725140234,GDP Ratio
1925,1.3598941334309065,GDP Ratio
1926,1.480397559735638,GDP Ratio
1927,1.3612366619452314,GDP Ratio
1928,1.341031619627591,GDP Ratio
1929,1.3627718878248976,GDP Ratio
1930,1.2331352473192667,GDP Ratio
1931,1.212571916971917,GDP Ratio
1932,1.021265415549598,GDP Ratio
1933,0.9568689335394126,GDP Ratio
1934,0.9695818324197338,GDP Ratio
1935,1.0472564906966682,GDP Ratio
1936,1.09854604989605,GDP Ratio
1937,1.1396528100090808,GDP Ratio
1938,1.0538780536643972,GDP Ratio
1939,1.1191592867160889,GDP Ratio
1940,1.0985628660322109,GDP Ratio
1941,1.1364582424953882,GDP Ratio
1942,1.221243511826544,GDP Ratio
1943,1.3002444912508102,GDP Ratio
1944,1.4402548504617472,GDP Ratio
1945,1.4650620609940428,GDP Ratio
1946,1.3787058878243883,GDP Ratio
1947,1.3595085969411989,GDP Ratio
1948,1.370243838928671,GDP Ratio
1949,1.2803636363636364,GDP Ratio
1950,1.3778139408733387,GDP Ratio
1951,1.4202043332746168,GDP Ratio
1952,1.4548349995576395,GDP Ratio
1953,1.444786062003587,GDP Ratio
1954,1.3595718402634829,GDP Ratio
1955,1.3850570129973687,GDP Ratio
1956,1.3764538333728935,GDP Ratio
1957,1.3620784098912275,GDP Ratio
1958,1.3345408725783587,GDP Ratio
1959,1.3628749809654332,GDP Ratio
1960,1.310377358490566,GDP Ratio
1961,1.2873636492421023,GDP Ratio
1962,1.3428632085485812,GDP Ratio
1963,1.3381334430501268,GDP Ratio
1964,1.3349944265949774,GDP Ratio
1965,1.3760051463493084,GDP Ratio
1966,1.4297772418607604,GDP Ratio
1967,1.4260207266824825,GDP Ratio
1968,1.427770746700416,GDP Ratio
1969,1.4384661117717004,GDP Ratio
1970,1.3959911432234005,GDP Ratio
1971,1.3987385321100918,GDP Ratio
1972,1.4117320297744695,GDP Ratio
1973,1.387833889816361,GDP Ratio
1974,1.3905729249325505,GDP Ratio
1975,1.3744969286168185,GDP Ratio
1976,1.4011703174356585,GDP Ratio
1977,1.4184903748733535,GDP Ratio
1978,1.432218309859155,GDP Ratio
1979,1.4269582618639225,GDP Ratio
1980,1.436590335726761,GDP Ratio
1981,1.4792066538707611,GDP Ratio
1982,1.4145278450363197,GDP Ratio
1983,1.4114948984367688,GDP Ratio
1984,1.466733732680964,GDP Ratio
1985,1.462553700341025,GDP Ratio
1986,1.440548131755894,GDP Ratio
1987,1.4154711444408217,GDP Ratio
1988,1.3965886522060829,GDP Ratio
1989,1.404831065586302,GDP Ratio
1990,1.4121195921951966,GDP Ratio
1991,1.4137692775756094,GDP Ratio
1992,1.443971749563962,GDP Ratio
1993,1.4331111190556487,GDP Ratio
1994,1.4226823874862922,GDP Ratio
1995,1.413815765033937,GDP Ratio
1996,1.4193733490941776,GDP Ratio
1997,1.4259400725173312,GDP Ratio
1998,1.4320645893916644,GDP Ratio
1999,1.441066667114954,GDP Ratio
2000,1.4363744085064447,GDP Ratio
2001,1.4046965256837776,GDP Ratio
2002,1.3905767733752512,GDP Ratio
2003,1.3775826463482312,GDP Ratio
2004,1.390839958262801,GDP Ratio
2005,1.393871623115278,GDP Ratio
2006,1.3942056222899,GDP Ratio
2007,1.3825731035577464,GDP Ratio
2008,1.3863514996226367,GDP Ratio
2009,1.4084188991685451,GDP Ratio
2010,1.4175704520105945,GDP Ratio
2011,1.4204626690686568,GDP Ratio
2012,1.431079025889494,GDP Ratio
2013,1.430454176827285,GDP Ratio
2014,1.4182360920281716,GDP Ratio
2015,1.423353249206556,GDP Ratio
2016,1.4178100035681316,GDP Ratio
2017,1.414493017933526,GDP Ratio
2018,1.43276685458576,GDP Ratio
2019,1.4437462112990025,GDP Ratio
2020,1.5693318589056005,GDP Ratio
2021,1.549043782397582,GDP Ratio
2022,1.5228521035355185,GDP Ratio
